1st Stop Car Finance,,
247 Money Group,,
AA Car Finance,,
Aldermore Group (MotoNovo),motonovo.png,ALD automotive?!
Alphera,alphera.png,
Alphera Financial Services,alphera.png,
Audi Finance,audi.png,
Auto Finance,,
AutoMoney Motor Finance,automoney.png,
Bank of Ireland (Northridge),,
Barclays Partner Finance,barclays.png,
Black Horse Limited,"black horse.,png",
Blackhorse,"black horse.,png",
Blue Motor Finance Limited,blue.png,
BMW Financial Services,bmw.png,
Borderway,borderway.png,Needed?
Bristol Street Motors,bristol.png,Needed?
CarFinance247,,
Citroen Finance,citreon.png,
Clark Drive PCP,,
Close Brothers Motor Finance,close.png,
Clydesdale,clydesdale.png,Needed?
Connister,,
Creation,creation.png,
Dacia,dacia.png,Needed?
Dpdg,,
Evan Halshaw / Arnold Clark,,
Everyday Loans,,
Evolution Money,,
Family Finance,,
FCA Automotive Services,fca.png,
FCE Bank,,
Ferrari,ferrari.png,Needed?
Fiat,fiat.png,Needed?
Ford,ford.png,
Ford Credit,ford.png,
Fowlers Finance,,
Go Car Credit,gocarcredit.png,Needed?
Granite Finance,,
Hitachi Capital,,
Honda Finance,,
Hyundai Capital,,
Jaguar Financial Services,,
Kia Finance,,
Lex autolease,,
Lexus Financial Services,,
Marsh Finance,,
Mazda Financial Services,,
Mercedes-Benz Financial Services,,
MoneyWay Car Finance,,
MotoNovo Finance,motonovo.png,
Motorway,,
Northridge Finance,,
Novuna,,
Paragon Car Finance,,
PSA Finance,,
RCI Financial Services,,
Santander Consumer,,
SEAT Finance,,
Secure Trust Bank,,
SKODA Finance,,
Startline Motor Finance Limited,,
Stellantis Financial Services,,
Suzuki Finance,,
Toyota Financial Services,,
Vauxhall Finance plc,,
Volkswagen Financial Services,,
Volvo Car Financial Services,,
Vospers,,
Zopa,,
Zuto,,
 ,,
